Date,Name,Year,Letterboxd URI,Rating
2021-08-08,Twilight,2008,https://boxd.it/1Zui,4.5
2021-08-08,Jane Eyre,2011,https://boxd.it/15rs,3
2021-08-08,Midsommar,2019,https://boxd.it/jhxe,4
2021-08-08,Bo Burnham: Inside,2021,https://boxd.it/v2uy,3.5
2021-08-08,"I, Tonya",2017,https://boxd.it/dzR0,4
2021-08-08,Lady Bird,2017,https://boxd.it/dGNE,3
2021-08-08,The Grand Budapest Hotel,2014,https://boxd.it/3ZqO,3.5
2021-08-08,Scott Pilgrim vs. the World,2010,https://boxd.it/1Aq6,4
2021-08-08,Goat Story,2008,https://boxd.it/1Cio,1
2021-08-08,Eternal Sunshine of the Spotless Mind,2004,https://boxd.it/6YK,4.5
2021-08-08,Mary Queen of Scots,2018,https://boxd.it/gkaG,3
2021-08-08,Portrait of a Lady on Fire,2019,https://boxd.it/jkPq,4.5
2021-08-10,The Twilight Saga: New Moon,2009,https://boxd.it/1Hj2,4
2021-08-13,La La Land,2016,https://boxd.it/a5fa,4.5
2021-08-16,The Twilight Saga: Breaking Dawn – Part 2,2012,https://boxd.it/DdC,3.5
2021-08-22,Howl's Moving Castle,2004,https://boxd.it/23De,4
2021-08-24,The Godfather Part II,1974,https://boxd.it/2aNq,4
2021-08-24,The Godfather,1972,https://boxd.it/2aNK,4.5
2021-08-24,Requiem for a Dream,2000,https://boxd.it/29VI,4
2021-08-24,The Pianist,2002,https://boxd.it/2aqc,4
2021-08-25,Before Sunset,2004,https://boxd.it/2bcg,4
2021-08-25,Vivarium,2019,https://boxd.it/gmVE,4
2021-08-25,Perfect Blue,1997,https://boxd.it/1W7A,4
2021-08-26,Welcome to the Dollhouse,1995,https://boxd.it/1TPO,3
2021-08-27,The Handmaiden,2016,https://boxd.it/948A,5
2021-08-30,Chungking Express,1994,https://boxd.it/1UDa,4
2021-09-03,Get Out,2017,https://boxd.it/eOCm,4
2021-09-04,The Suicide Squad,2021,https://boxd.it/fw6O,3.5
2021-09-06,Brokeback Mountain,2005,https://boxd.it/2b2q,4.5
2021-09-07,Her,2013,https://boxd.it/4O24,3.5
2021-09-08,Farewell My Concubine,1993,https://boxd.it/1UTM,4.5
2021-09-13,The Lighthouse,2019,https://boxd.it/icFU,4
2021-09-15,Amélie,2001,https://boxd.it/2aUc,3.5
2021-09-23,Thirteen,2003,https://boxd.it/1UPK,4
2021-09-26,Squid Game,2021,https://boxd.it/x1OG,4
2021-09-30,The Phantom of the Opera,2004,https://boxd.it/1XHu,4
2021-09-30,Parasite,2019,https://boxd.it/hTha,4.5
2021-10-03,Rosemary's Baby,1968,https://boxd.it/29zM,3.5
2021-10-03,Fight Club,1999,https://boxd.it/2a9q,4
2021-10-04,Frances Ha,2012,https://boxd.it/41Xg,4
2021-10-04,Hereditary,2018,https://boxd.it/hNVe,4
2021-10-07,Black Swan,2010,https://boxd.it/Sw0,4.5
2021-10-09,Blood Quantum,2019,https://boxd.it/lO7s,4
2021-10-09,The Devil Wears Prada,2006,https://boxd.it/2awE,4
2021-10-16,Corpse Bride,2005,https://boxd.it/24WQ,3.5
2021-10-17,The Wolf of Wall Street,2013,https://boxd.it/3C1m,4
2021-10-25,mother!,2017,https://boxd.it/dgRU,4
2021-10-25,Marriage Story,2019,https://boxd.it/hJAw,3.5
2021-10-28,Fallen Angels,1995,https://boxd.it/1UkW,4
2021-10-28,Atonement,2007,https://boxd.it/24ui,3.5
2021-10-30,The Shape of Water,2017,https://boxd.it/dZ5m,3.5
2021-10-30,Whiplash,2014,https://boxd.it/7bQA,4.5
2021-10-31,Train to Busan,2016,https://boxd.it/dSQU,4
2021-11-06,FernGully: The Last Rainforest,1992,https://boxd.it/1Qzo,3
2021-11-06,Juno,2007,https://boxd.it/210a,3.5
2021-11-06,Promising Young Woman,2020,https://boxd.it/loRE,3.5
2021-11-06,Oldboy,2003,https://boxd.it/29R2,4
2021-11-10,Tinker Bell and the Lost Treasure,2009,https://boxd.it/1vKg,3
2021-11-10,Tinker Bell,2008,https://boxd.it/1QEy,2.5
2021-11-14,Palm Springs,2020,https://boxd.it/lCXQ,4
2021-11-17,Secret of the Wings,2012,https://boxd.it/2xMU,3
2021-11-17,The Book of Life,2014,https://boxd.it/6JKY,3.5
2021-11-20,Eighth Grade,2018,https://boxd.it/hDMG,3.5
2021-11-20,Carol,2015,https://boxd.it/7DPK,4
2021-11-24,Tinker Bell and the Pirate Fairy,2014,https://boxd.it/5nyY,2.5
2021-11-26,The Lobster,2015,https://boxd.it/7tnw,4
2021-11-27,Maya and the Three,2021,https://boxd.it/xrJW,3.5
2021-11-27,Princess Mononoke,1997,https://boxd.it/2b4w,5
2021-11-27,Spirited Away,2001,https://boxd.it/2b4m,4.5
2021-12-12,Drive,2011,https://boxd.it/IG,3
2021-12-12,Room,2015,https://boxd.it/7T0y,4
2021-12-12,Blue Valentine,2010,https://boxd.it/MxG,3.5
2021-12-12,1917,2019,https://boxd.it/jj4y,4
2021-12-16,"Synecdoche, New York",2008,https://boxd.it/23zw,4.5
2021-12-18,Maurice,1987,https://boxd.it/1tZy,4
2021-12-19,In the Mood for Love,2000,https://boxd.it/29tE,4
2021-12-19,The Virgin Suicides,1999,https://boxd.it/28JG,4
2021-12-20,The Bitter Tears of Petra von Kant,1972,https://boxd.it/1WzE,4.5
2021-12-20,La Ciénaga,2001,https://boxd.it/kpk,4.5
2021-12-21,Rise of the Guardians,2012,https://boxd.it/2PXw,3
2021-12-21,Belle de Jour,1967,https://boxd.it/29Uq,4
2021-12-22,Robots,2005,https://boxd.it/1Xve,3
2021-12-22,Belladonna of Sadness,1973,https://boxd.it/2q,4.5
2021-12-22,Persona,1966,https://boxd.it/29B4,4
2021-12-22,Happy Together,1997,https://boxd.it/1Ha0,4.5
2021-12-25,Encanto,2021,https://boxd.it/kPRu,3.5
2021-12-26,Wild Mountain Thyme,2020,https://boxd.it/nhok,1.5
2021-12-26,Being the Ricardos,2021,https://boxd.it/iJQc,2.5
2022-01-02,Shang-Chi and the Legend of the Ten Rings,2021,https://boxd.it/kLDI,3
2022-01-06,Harakiri,1962,https://boxd.it/1NTU,4.5
2022-01-06,Days of Being Wild,1990,https://boxd.it/1HbC,4
2022-01-17,Fantastic Planet,1973,https://boxd.it/1KnQ,4
2022-01-23,(500) Days of Summer,2009,https://boxd.it/1EmM,3
2022-01-28,The Sixth Sense,1999,https://boxd.it/29Js,4
2022-02-21,Little Women,1994,https://boxd.it/1YiU,3.5
2022-02-25,Colossal,2016,https://boxd.it/biZi,3
2022-03-02,Your Name.,2016,https://boxd.it/cUqs,4
2022-03-02,Words Bubble Up Like Soda Pop,2020,https://boxd.it/ljhG,2
2022-03-05,The Batman,2022,https://boxd.it/eDGs,4
2022-03-09,Pariah,2011,https://boxd.it/2wWk,4.5
2022-03-11,Only Lovers Left Alive,2013,https://boxd.it/4O1U,3.5
2022-03-11,Mishima: A Life in Four Chapters,1985,https://boxd.it/1sBA,4
2022-03-11,Close-Up,1990,https://boxd.it/1m9q,4
2022-03-11,Beetlejuice,1988,https://boxd.it/24QI,3
2022-03-11,Come and See,1985,https://boxd.it/1w9q,4.5
2022-03-11,The Talented Mr. Ripley,1999,https://boxd.it/2924,2.5
2022-03-11,The Notebook,2004,https://boxd.it/1UNE,2
2022-03-12,The Silence of the Lambs,1991,https://boxd.it/2aHW,4
2022-03-12,Turning Red,2022,https://boxd.it/ipkq,3.5
2022-03-18,It's Such a Beautiful Day,2012,https://boxd.it/hCY2,2
2022-03-22,Orlando,1992,https://boxd.it/1Z1K,4.5
2022-03-23,Stranger Than Fiction,2006,https://boxd.it/28Za,3.5
2022-03-23,Anna Karenina,2012,https://boxd.it/3lyy,3.5
2022-03-23,Barry Lyndon,1975,https://boxd.it/25A2,2.5
2022-03-27,The Adam Project,2022,https://boxd.it/q2Dg,3
2022-03-27,Gone Girl,2014,https://boxd.it/6hQu,4
2022-03-27,The Piano,1993,https://boxd.it/29Kq,4
2022-04-08,Never Let Me Go,2010,https://boxd.it/Xw0,3.5
2022-04-09,Becoming Jane,2007,https://boxd.it/261C,3
2022-04-11,Arthur and the Invisibles,2006,https://boxd.it/1Xm2,2.5
2022-04-11,Doogal,2006,https://boxd.it/1xFC,1
2022-04-13,Little Miss Sunshine,2006,https://boxd.it/29EW,4.5
2022-04-13,"Alexander and the Terrible, Horrible, No Good, Very Bad Day",2014,https://boxd.it/6uQM,2.5
2022-04-14,Rachel Getting Married,2008,https://boxd.it/1N30,4.5
2022-04-14,Les Misérables,2012,https://boxd.it/2TT4,3
2022-04-14,The Princess Diaries,2001,https://boxd.it/1XCO,4
2022-04-14,Ocean's Eight,2018,https://boxd.it/eaai,3
2022-04-14,Ella Enchanted,2004,https://boxd.it/1O5G,3
2022-04-14,Little Women,2019,https://boxd.it/aSVk,3.5
2022-04-15,Jackie,2016,https://boxd.it/d6bu,3.5
2022-04-19,High Life,2018,https://boxd.it/d6bk,3
2022-04-20,Phantom Thread,2017,https://boxd.it/e4uc,3
2022-04-20,"Crazy, Stupid, Love.",2011,https://boxd.it/D9A,3.5
2022-04-21,Donnie Darko,2001,https://boxd.it/2b2A,4
2022-04-23,Ruby Sparks,2012,https://boxd.it/3w9O,3.5
2022-05-21,Misery,1990,https://boxd.it/28gY,4
2022-05-23,El Camino: A Breaking Bad Movie,2019,https://boxd.it/kv0q,3.5
2022-05-23,The Road to El Camino: Behind the Scenes of El Camino: A Breaking Bad Movie,2019,https://boxd.it/zes8,3.5
2022-05-25,Blade Runner 2049,2017,https://boxd.it/b8wK,4.5
2022-05-26,What If,2013,https://boxd.it/6ljk,4
2022-05-26,"Love, Death & Robots: Jibaro",2022,https://boxd.it/EqO6,5
2022-05-26,"Love, Death & Robots: Sonnie's Edge",2019,https://boxd.it/lECg,3.5
2022-05-26,"Love, Death & Robots: Three Robots",2019,https://boxd.it/lECK,3
2022-05-26,"Love, Death & Robots: Beyond the Aquila Rift",2019,https://boxd.it/lGTe,3
2022-05-26,"Love, Death & Robots: Ice Age",2019,https://boxd.it/lJG8,2.5
2022-05-26,"Love, Death & Robots: When the Yogurt Took Over",2019,https://boxd.it/lFSY,3
2022-05-27,"Love, Death & Robots: The Secret War",2019,https://boxd.it/lN0g,4
2022-05-27,"Love, Death & Robots: Sucker of Souls",2019,https://boxd.it/lFOW,2.5
2022-05-27,"Love, Death & Robots: The Witness",2019,https://boxd.it/lFO8,3
2022-05-27,"Love, Death & Robots: Suits",2019,https://boxd.it/lFOM,3
2022-05-27,"Love, Death & Robots: Good Hunting",2019,https://boxd.it/lJFO,2
2022-05-27,"Love, Death & Robots: The Dump",2019,https://boxd.it/lJGi,2
2022-05-27,"Love, Death & Robots: Shape-Shifters",2019,https://boxd.it/lJFY,2.5
2022-05-27,"Love, Death & Robots: Fish Night",2019,https://boxd.it/lJGs,3
2022-06-04,28 Days Later,2002,https://boxd.it/2aXU,5
2022-07-05,You've Got Mail,1998,https://boxd.it/1Yye,3.5
2022-07-05,2 Hearts,2020,https://boxd.it/qzUO,1
2022-07-07,When Harry Met Sally...,1989,https://boxd.it/29W2,3.5
2022-07-08,GoodFellas,1990,https://boxd.it/29FA,3
2022-07-08,Donnie Brasco,1997,https://boxd.it/1YRA,3.5
2022-07-09,Big Daddy,1999,https://boxd.it/1ZkW,3
2022-07-12,Night at the Museum,2006,https://boxd.it/28wi,4
2022-07-13,Night at the Museum: Battle of the Smithsonian,2009,https://boxd.it/1H7U,3.5
2022-07-13,The Queen's Gambit,2020,https://boxd.it/s1Ym,4
2022-07-15,The Sea Beast,2022,https://boxd.it/kv3a,4
2022-07-16,Neon Genesis Evangelion,1995,https://boxd.it/ptEI,5
2022-07-17,Space Jam: A New Legacy,2021,https://boxd.it/dd9A,2
2022-07-17,Christopher Robin,2018,https://boxd.it/eSj4,3.5
2022-07-17,Ever After,1998,https://boxd.it/1YDI,4
2022-07-18,Night at the Museum: Secret of the Tomb,2014,https://boxd.it/5x3m,3.5
2022-07-19,Jurassic World Dominion,2022,https://boxd.it/ikXW,2.5
2022-07-24,Call Me by Your Name,2017,https://boxd.it/dYmm,4
2022-07-27,The Parent Trap,1998,https://boxd.it/1XJq,3
2022-07-28,Kung Fu Panda 2,2011,https://boxd.it/G36,4
2022-07-30,Spider-Man: Into the Spider-Verse,2018,https://boxd.it/azpY,5
2022-08-01,Kung Fu Panda 3,2016,https://boxd.it/4uRQ,3
2022-08-01,"Yes, God, Yes",2019,https://boxd.it/jaGS,3.5
2022-08-03,Minions: The Rise of Gru,2022,https://boxd.it/fz9w,2.5
2022-08-18,"Girl, Interrupted",1999,https://boxd.it/25ds,3.5
2022-08-23,Inglourious Basterds,2009,https://boxd.it/1JzG,4.5
2022-08-24,Luck,2022,https://boxd.it/lxxe,2.5
2022-08-27,Top Gun,1986,https://boxd.it/29JC,3.5
2022-09-22,Ralph Breaks the Internet,2018,https://boxd.it/edAy,2.5
2022-10-09,Hocus Pocus 2,2022,https://boxd.it/nRog,2.5
2022-10-09,Kick-Ass,2010,https://boxd.it/1zaQ,2.5
2022-10-11,The Sound of Music,1965,https://boxd.it/1MLK,4
2022-10-12,When Marnie Was There,2014,https://boxd.it/78pm,4
2022-10-12,My Neighbor Totoro,1988,https://boxd.it/20eA,4
2022-11-07,Weird: The Al Yankovic Story,2022,https://boxd.it/yYZA,2.5
2022-11-15,About Time,2013,https://boxd.it/43bI,4
2022-11-20,Disenchanted,2022,https://boxd.it/bg9E,2.5
2022-11-22,Prep & Landing,2009,https://boxd.it/1t8k,3.5
2022-11-22,Remember Me,2010,https://boxd.it/1zyI,2
2022-11-24,The Big Short,2015,https://boxd.it/ajZw,4
2022-11-29,The Gentlemen,2019,https://boxd.it/iYBQ,4
2022-12-04,Anthropoid,2016,https://boxd.it/bOr8,4
2022-12-06,Lars and the Real Girl,2007,https://boxd.it/21tG,4.5
2022-12-06,Trainspotting,1996,https://boxd.it/29XY,4
2022-12-08,The Platform,2019,https://boxd.it/mUm6,4
2022-12-10,Sucker Punch,2011,https://boxd.it/1yYg,3.5
2022-12-12,X,2022,https://boxd.it/sxVa,3
2022-12-15,Last Night in Soho,2021,https://boxd.it/lbJC,3
2022-12-17,Everything Everywhere All at Once,2022,https://boxd.it/jUk4,5
2022-12-17,Kubo and the Two Strings,2016,https://boxd.it/a4wE,4.5
2022-12-17,The East,2013,https://boxd.it/35Cu,3
2022-12-18,The Grinch,2018,https://boxd.it/chpK,2
2022-12-18,Spirited,2022,https://boxd.it/nshk,3
2022-12-19,How the Grinch Stole Christmas,2000,https://boxd.it/1ZHQ,3.5
2022-12-19,Last Christmas,2019,https://boxd.it/k38G,3
2022-12-21,Rumble,2021,https://boxd.it/m3N4,2.5
2022-12-24,The Fifth Element,1997,https://boxd.it/71k,5
2022-12-25,The Night Before,2015,https://boxd.it/9n9W,3
2022-12-25,Glass Onion,2022,https://boxd.it/oCkK,4
2022-12-26,Elf,2003,https://boxd.it/1VyK,3.5
2022-12-27,Avatar,2009,https://boxd.it/1Efm,4
2022-12-28,The Nice Guys,2016,https://boxd.it/94Hg,4
2022-12-30,Avatar: The Way of Water,2022,https://boxd.it/2E2E,4
2022-12-31,Girl Asleep,2015,https://boxd.it/cAG6,5
2023-01-03,Cristiano Ronaldo: The Portuguese Prodigy,,https://boxd.it/vzjI,2
2023-01-07,The Matrix,1999,https://boxd.it/2a1m,4
2023-01-12,Sicario,2015,https://boxd.it/8i7u,3.5
2023-01-14,Fantastic Mr. Fox,2009,https://boxd.it/1WyQ,5
2023-01-15,White Noise,2022,https://boxd.it/rXgK,4
2023-02-02,The Banshees of Inisherin,2022,https://boxd.it/p7XS,4
2023-02-03,Creep,2014,https://boxd.it/7l4c,3.5
2023-02-05,The Menu,2022,https://boxd.it/lScm,4.5
2023-02-09,The Cabin in the Woods,2011,https://boxd.it/1zOc,3.5
2023-02-11,Jarhead,2005,https://boxd.it/70m,4
2023-02-11,"Love, Death & Robots: Zima Blue",2019,https://boxd.it/lJGM,4.5
2023-02-22,Your Place or Mine,2023,https://boxd.it/qizY,3
2023-02-26,Home,2015,https://boxd.it/6JxA,3
2023-02-26,ParaNorman,2012,https://boxd.it/2FuY,3.5
2023-03-27,Cars,2006,https://boxd.it/29ho,3.5
2023-04-09,Wendell & Wild,2022,https://boxd.it/iwtu,4
2023-04-10,Zootopia,2016,https://boxd.it/84xS,4
2023-04-10,Speed Racer,2008,https://boxd.it/20UQ,4.5
2023-04-11,Anastasia,1997,https://boxd.it/1YFk,4
2023-04-11,Big Hero 6,2014,https://boxd.it/5rje,5
2023-04-14,Cars 2,2011,https://boxd.it/H4Y,3
2023-04-18,Strange World,2022,https://boxd.it/x6Li,3
2023-04-18,But I'm a Cheerleader,1999,https://boxd.it/1CW4,5
2023-04-19,Chip 'n Dale: Rescue Rangers,2022,https://boxd.it/eSk2,2.5
2023-04-21,"The Boy, the Mole, the Fox and the Horse",2022,https://boxd.it/BBT6,4.5
2023-04-27,John Wick,2014,https://boxd.it/7dEc,4
2023-04-27,John Wick: Chapter 2,2017,https://boxd.it/ayGu,4
2023-04-27,John Wick: Chapter 3 – Parabellum,2019,https://boxd.it/gmFw,4
2023-04-28,Beau Is Afraid,2023,https://boxd.it/u2gE,3
2023-04-28,John Wick: Chapter 4,2023,https://boxd.it/mh48,4
2023-05-02,Sing 2,2021,https://boxd.it/fAnE,3
2023-05-02,Nope,2022,https://boxd.it/sDCe,4.5
2023-05-07,Hotel Transylvania,2012,https://boxd.it/2DF6,3
2023-05-08,The Twilight Saga: Eclipse,2010,https://boxd.it/1ytW,4
2023-05-11,Zodiac,2007,https://boxd.it/27MO,4
2023-05-18,Flash,1997,https://boxd.it/5wZO,3.5
2023-05-21,The Super Mario Bros. Movie,2023,https://boxd.it/i8C8,3
2023-05-25,Black Panther: Wakanda Forever,2022,https://boxd.it/igPu,3.5
2023-05-25,School of Rock,2003,https://boxd.it/28xK,5
2023-05-31,Instant Family,2018,https://boxd.it/hHpQ,3.5
2023-06-06,Lightyear,2022,https://boxd.it/qV1G,3
2023-06-08,Spider-Man: Across the Spider-Verse,2023,https://boxd.it/kSz4,5
2023-06-17,The Sisterhood of the Traveling Pants,2005,https://boxd.it/1XPo,4.5
2023-06-17,65,2023,https://boxd.it/qbus,2.5
2023-06-20,Charlie and the Chocolate Factory,2005,https://boxd.it/2b68,3.5
2023-06-26,Gattaca,1997,https://boxd.it/29Du,3.5
2023-07-14,Horton Hears a Who!,2008,https://boxd.it/1SfA,3.5
2023-07-22,Ratatouille,2007,https://boxd.it/27ww,5
2023-07-26,The Prince of Egypt,1998,https://boxd.it/1XGQ,4.5
2023-07-30,Oppenheimer,2023,https://boxd.it/wUow,4.5
2023-07-30,Tenet,2020,https://boxd.it/leq4,4.5
2023-07-30,Barbie,2023,https://boxd.it/bCLK,4.5
2023-08-04,Guardians of the Galaxy Vol. 3,2023,https://boxd.it/fVNI,4
2023-08-06,Cars 3,2017,https://boxd.it/7IPq,3.5
2023-08-07,Infinity Pool,2023,https://boxd.it/oPSK,3
2023-08-08,The Invention of Lying,2009,https://boxd.it/1zGs,2.5
2023-08-09,Ransomed,2023,https://boxd.it/lnlC,3.5
2023-08-10,Silenced,2011,https://boxd.it/2QGG,4
2023-08-20,Hamilton,2020,https://boxd.it/kmvE,4.5
2023-08-20,2001: A Space Odyssey,1968,https://boxd.it/2bf0,4
2023-08-20,A Clockwork Orange,1971,https://boxd.it/2aVE,0.5
2023-08-21,In Time,2011,https://boxd.it/FPS,3
2023-08-21,Saw,2004,https://boxd.it/2aWW,3
2023-08-23,Spider-Man: Homecoming,2017,https://boxd.it/aboM,3.5
2023-09-01,Teenage Mutant Ninja Turtles: Mutant Mayhem,2023,https://boxd.it/mK0a,4
2023-09-01,Haunted Mansion,2023,https://boxd.it/mOsi,2.5
2023-09-07,Burlesque,2010,https://boxd.it/Xfo,3
2023-09-09,Venom,2018,https://boxd.it/b8wA,3.5
2023-09-09,Life,2017,https://boxd.it/dRqG,3
2023-09-15,Thor: Love and Thunder,2022,https://boxd.it/mMAY,3.5
2023-09-16,Top Gun: Maverick,2022,https://boxd.it/cjr4,4
2023-09-23,Saw II,2005,https://boxd.it/2aRs,3
2023-09-30,Saw III,2006,https://boxd.it/2aRC,3.5
2023-09-30,Saw IV,2007,https://boxd.it/29Sa,2.5
2023-09-30,Saw V,2008,https://boxd.it/1SMa,2.5
2023-10-08,Ron's Gone Wrong,2021,https://boxd.it/hlj2,3
2023-10-11,Saw VI,2009,https://boxd.it/1A2y,3
2023-10-13,Happiest Season,2020,https://boxd.it/iS3I,3.5
2023-10-14,Saw 3D,2010,https://boxd.it/Znk,2.5
2023-10-15,Spiral: From the Book of Saw,2021,https://boxd.it/meXk,3
2023-10-17,Taylor Swift: The Eras Tour,2023,https://boxd.it/HTIi,5
2023-10-17,All Quiet on the Western Front,2022,https://boxd.it/H08,4.5
2023-10-19,Nocturnal Animals,2016,https://boxd.it/bkFu,1.5
2023-10-21,"Ruby Gillman, Teenage Kraken",2023,https://boxd.it/Dmne,3
2023-10-23,Maleficent,2014,https://boxd.it/3v1u,4
2023-10-24,Bones and All,2022,https://boxd.it/tLd4,4.5
2023-10-31,Scream,1996,https://boxd.it/24EC,4
2023-11-01,Wreck-It Ralph,2012,https://boxd.it/2TTS,4
2023-11-08,Sense and Sensibility,1995,https://boxd.it/244E,4
2023-11-09,Marie Antoinette,2006,https://boxd.it/27Wa,4
2023-11-18,Dune,2021,https://boxd.it/fA7G,4
2023-11-20,Frozen II,2019,https://boxd.it/aPvo,2.5
2023-11-29,The Hunger Games,2012,https://boxd.it/2uds,4
2023-11-29,Scott Pilgrim Takes Off,2023,https://boxd.it/JLZk,4
2023-11-29,The Hunger Games: Catching Fire,2013,https://boxd.it/3sAw,4
2023-12-01,The Hunger Games: Mockingjay – Part 1,2014,https://boxd.it/4hka,3.5
2023-12-02,The Hunger Games: Mockingjay – Part 2,2015,https://boxd.it/4hk0,4
2023-12-03,Divergent,2014,https://boxd.it/4VT0,3
2023-12-11,Arrival,2016,https://boxd.it/aNGk,4.5
2023-12-12,May December,2023,https://boxd.it/vEE2,3.5
2023-12-13,Family Switch,2023,https://boxd.it/u1nu,3
2023-12-19,Jujutsu Kaisen 0,2021,https://boxd.it/uvFS,3
2023-12-20,Talk to Me,2022,https://boxd.it/C6uQ,3.5
2023-12-21,Secretary,2002,https://boxd.it/1URc,4
2023-12-22,Leave the World Behind,2023,https://boxd.it/re0i,3.5
2023-12-26,Notting Hill,1999,https://boxd.it/2aeK,3.5
2023-12-28,Saltburn,2023,https://boxd.it/z4eg,3
2023-12-28,Next Gen,2018,https://boxd.it/j1jg,3.5
2023-12-29,Trolls,2016,https://boxd.it/4p8Q,3
2023-12-29,Trolls World Tour,2020,https://boxd.it/fUCu,3.5
2023-12-29,The Lego Movie 2: The Second Part,2019,https://boxd.it/8BAU,3.5
2023-12-29,Hackers,1995,https://boxd.it/1WhU,4
2023-12-30,Slumberland,2022,https://boxd.it/oTqq,2
2024-01-01,Elemental,2023,https://boxd.it/ASiE,3.5
2024-01-03,Sunshine,2007,https://boxd.it/28Xy,4.5
2024-01-24,Pandora,2016,https://boxd.it/fdCc,3.5
2024-01-27,Spider-Man: No Way Home,2021,https://boxd.it/nwRw,4
2024-02-05,Annihilation,2018,https://boxd.it/9yzm,4
2024-02-15,The Hunger Games: The Ballad of Songbirds & Snakes,2023,https://boxd.it/pZCY,3.5
2024-02-20,Migration,2023,https://boxd.it/ztfo,2
2024-03-08,Demon Slayer: Kimetsu no Yaiba -To the Hashira Training-,2024,https://boxd.it/K9qI,2.5
2024-03-10,Matilda,1996,https://boxd.it/1VhY,4.5
2024-03-17,Poor Things,2023,https://boxd.it/tNWU,4
2024-03-22,Bottoms,2023,https://boxd.it/uGf2,4.5
2024-03-23,Bound,1996,https://boxd.it/1Z1g,4
2024-03-24,Wonka,2023,https://boxd.it/tCQm,3
2024-03-27,Dune: Part Two,2024,https://boxd.it/pUfA,5
2024-04-02,Kung Fu Panda 4,2024,https://boxd.it/CepE,3
2024-04-02,Exhuma,2024,https://boxd.it/vCu0,3.5
2024-04-10,The Accountant,2016,https://boxd.it/9EhI,3.5
2024-04-24,The Favourite,2018,https://boxd.it/d2hI,4.5
2024-04-27,Love Lies Bleeding,2024,https://boxd.it/zN4q,4.5
2024-04-27,What a Girl Wants,2003,https://boxd.it/1Vwa,2.5
2024-05-08,Descendants,2015,https://boxd.it/8rMm,3
2024-05-08,Descendants 2,2017,https://boxd.it/eJMG,3
2024-05-08,Descendants 3,2019,https://boxd.it/ijcg,2.5
2024-05-09,Z-O-M-B-I-E-S,2018,https://boxd.it/hp12,3
2024-05-09,Z-O-M-B-I-E-S 2,2020,https://boxd.it/m6QA,3
2024-05-09,Z-O-M-B-I-E-S 3,2022,https://boxd.it/ut9g,2.5
2024-05-12,Ice Bar,2006,https://boxd.it/3im,3.5
2024-05-20,Unfrosted,2024,https://boxd.it/vPY8,2.5
2024-05-25,Bullet Train,2022,https://boxd.it/qW26,3.5
2024-05-26,Predestination,2014,https://boxd.it/6bJM,3
2024-05-26,Law Abiding Citizen,2009,https://boxd.it/1A2I,3
2024-05-26,Jigsaw,2017,https://boxd.it/9sDs,3
2024-05-26,Saw X,2023,https://boxd.it/zUWk,2.5
2024-05-30,Inside Out,2015,https://boxd.it/4KHC,4
2024-06-04,Sunny,2011,https://boxd.it/2FoG,4
2024-06-09,Self/less,2015,https://boxd.it/71yw,3
2024-06-11,Real Steel,2011,https://boxd.it/147m,3.5
2024-06-11,Argylle,2024,https://boxd.it/w1kk,3
2024-06-12,Memento,2000,https://boxd.it/2bcK,4
2024-06-22,Cabaret,1972,https://boxd.it/1Vpe,4
2024-06-23,Akeelah and the Bee,2006,https://boxd.it/1PuC,4
2024-06-29,Wish Dragon,2021,https://boxd.it/k6w2,3
2024-07-03,Red Eye,2005,https://boxd.it/1TNy,3
2024-07-03,The Place Beyond the Pines,2012,https://boxd.it/3mDu,3.5
2024-07-12,Caveat,2020,https://boxd.it/rX5M,2.5
2024-07-13,Fractured,2019,https://boxd.it/kPL2,3.5
2024-07-14,Descendants: The Rise of Red,2024,https://boxd.it/ANk6,1.5
2024-07-15,A Quiet Place,2018,https://boxd.it/fVJQ,3.5
2024-07-15,A Quiet Place Part II,2020,https://boxd.it/iTx0,3.5
2024-08-20,Mother's Day,2016,https://boxd.it/bSKI,2
2024-08-20,Longlegs,2024,https://boxd.it/KzLM,3.5
2024-08-25,The Dark Knight,2008,https://boxd.it/2b0k,4
2024-08-26,The Dark Knight Rises,2012,https://boxd.it/H3m,4
2024-08-27,American Sniper,2014,https://boxd.it/5LDy,2.5
2024-08-28,The Lego Batman Movie,2017,https://boxd.it/azp0,4.5
2024-08-29,300,2006,https://boxd.it/28XI,2.5
2024-08-30,Troy,2004,https://boxd.it/29TW,2.5
2024-08-31,How to Lose a Guy in 10 Days,2003,https://boxd.it/1XwG,4
2024-08-31,Land of Happiness,2024,https://boxd.it/trR4,3
2024-08-31,The Ugly Truth,2009,https://boxd.it/1CFi,3
2024-09-01,Mamma Mia!,2008,https://boxd.it/1Tnq,4
2024-09-04,Pearl,2022,https://boxd.it/zPbe,4
2024-09-05,Mamma Mia! Here We Go Again,2018,https://boxd.it/gnfO,3
2024-09-08,The Woman King,2022,https://boxd.it/r9a8,4
2024-09-10,The Game,1997,https://boxd.it/26vC,3.5
2024-09-10,Bridget Jones's Diary,2001,https://boxd.it/29WQ,3
2024-09-23,Transformers One,2024,https://boxd.it/q7bc,4
2024-09-26,Civil War,2024,https://boxd.it/z1jW,4
2024-10-04,A Quiet Place: Day One,2024,https://boxd.it/sDAi,3.5
2024-10-04,Emma.,2020,https://boxd.it/kmg0,5
2024-10-06,Patriots Day,2016,https://boxd.it/dyo2,3.5
2024-10-09,The Platform 2,2024,https://boxd.it/Gz88,2
2024-10-14,The Purge,2013,https://boxd.it/4Xg0,2
2024-10-18,Inside Out 2,2024,https://boxd.it/CFrC,3.5
2024-10-21,Smile,2022,https://boxd.it/xjfE,3
2024-10-24,"I, Robot",2004,https://boxd.it/27y8,3
2024-10-25,Underwater,2020,https://boxd.it/fN4q,3
2024-10-25,Gigi & Nate,2022,https://boxd.it/vh54,1.5
2024-10-27,Knives Out,2019,https://boxd.it/jWEA,4.5
2024-10-30,Shaun of the Dead,2004,https://boxd.it/29J8,3.5
2024-11-02,Woman of the Hour,2023,https://boxd.it/vuz2,4
2024-11-02,A Tale of Two Sisters,2003,https://boxd.it/248m,3
2024-11-08,Hannah Montana: The Movie,2009,https://boxd.it/1Hx4,3.5
2024-11-08,The Mist,2007,https://boxd.it/22r2,3.5
2024-11-10,X-Men,2000,https://boxd.it/1a7s,2.5
2024-11-11,Challengers,2024,https://boxd.it/zld0,5
2024-11-14,X-Men Origins: Wolverine,2009,https://boxd.it/27ug,2
2024-11-14,X-Men: The Last Stand,2006,https://boxd.it/1a5Q,2.5
2024-11-15,X2,2003,https://boxd.it/1a7i,2.5
2024-11-15,The Wolverine,2013,https://boxd.it/2CWU,2.5
2024-11-16,X-Men: Days of Future Past,2014,https://boxd.it/4aRw,3.5
2024-11-16,After the Dark,2013,https://boxd.it/5YaE,4.5
2024-11-17,Inception,2010,https://boxd.it/1skk,4
2024-11-18,The Twilight Saga: Breaking Dawn – Part 1,2011,https://boxd.it/DdM,3
2024-11-19,X-Men: Apocalypse,2016,https://boxd.it/7eJi,3
2024-11-19,Dark Phoenix,2019,https://boxd.it/anyO,2
2024-11-21,Triangle of Sadness,2022,https://boxd.it/hXlq,3.5
2024-11-22,Deadpool,2016,https://boxd.it/9fOC,3.5
2024-11-26,Hidden Figures,2016,https://boxd.it/dgS4,4
2024-11-29,Wish,2023,https://boxd.it/CFtS,3
2024-11-29,Raya and the Last Dragon,2021,https://boxd.it/jbkI,3.5
2024-12-06,Saving Private Ryan,1998,https://boxd.it/29ro,4
2024-12-07,Hacksaw Ridge,2016,https://boxd.it/azew,2.5
2024-12-16,Smile 2,2024,https://boxd.it/FDA4,3
2024-12-17,Triangle,2009,https://boxd.it/1tQG,2.5
2024-12-17,28 Weeks Later,2007,https://boxd.it/28Bi,2.5
2024-12-18,The Substance,2024,https://boxd.it/zanS,4.5
2024-12-18,Contagion,2011,https://boxd.it/13rq,3.5
2024-12-18,Patient Zero,2018,https://boxd.it/9kqU,1.5
2024-12-20,Love Actually,2003,https://boxd.it/2aeU,3.5
2024-12-20,Babes,2024,https://boxd.it/BMCU,3
2024-12-22,The Fall Guy,2024,https://boxd.it/s0Bm,3
2024-12-22,Serendipity,2001,https://boxd.it/1XPy,2
2024-12-22,Lost in Translation,2003,https://boxd.it/2b0E,2.5
2024-12-23,The Holiday,2006,https://boxd.it/28ye,3.5
2024-12-23,Dear Santa,2024,https://boxd.it/FxMo,1.5
2024-12-24,Prep & Landing Stocking Stuffer: Operation: Secret Santa,2010,https://boxd.it/37Qo,2
2024-12-24,Prep & Landing: Naughty vs. Nice,2011,https://boxd.it/37EC,2.5
2024-12-24,The Guardians of the Galaxy Holiday Special,2022,https://boxd.it/t77K,3
2024-12-24,Red One,2024,https://boxd.it/vTBM,2
2024-12-24,Rudolph the Red-Nosed Reindeer,1964,https://boxd.it/1Qis,3.5
2024-12-25,The Christmas Chronicles: Part Two,2020,https://boxd.it/ojzm,1.5
2024-12-25,The Family Stone,2005,https://boxd.it/1Zja,4
2024-12-27,Something Borrowed,2011,https://boxd.it/H3Q,2.5
2024-12-27,Transformers: The Last Knight,2017,https://boxd.it/b8xo,2
2025-01-01,Wicked,2024,https://boxd.it/e8ME,3.5
2025-01-01,Oz the Great and Powerful,2013,https://boxd.it/2cAI,2.5
2025-01-02,Venom: Let There Be Carnage,2021,https://boxd.it/llco,2.5
2025-01-10,Cunk on Life,2024,https://boxd.it/LKUi,3
2025-01-10,John Mulaney & The Sack Lunch Bunch,2019,https://boxd.it/o9Fu,4
2025-01-10,Cuckoo,2024,https://boxd.it/wMjI,4
2025-01-10,Popstar: Never Stop Never Stopping,2016,https://boxd.it/blDa,4
2025-01-12,The Ring,2002,https://boxd.it/2a70,3
2025-01-16,End of Watch,2012,https://boxd.it/2F5O,3.5
2025-01-18,Snowden,2016,https://boxd.it/9CWO,2.5
2025-01-18,Shrek,2001,https://boxd.it/29zi,4.5
2025-01-19,Shrek 2,2004,https://boxd.it/29z8,4.5
2025-01-19,Shrek the Third,2007,https://boxd.it/29yY,3.5
2025-01-19,Shrek Forever After,2010,https://boxd.it/1WRo,3.5
2025-01-20,Holes,2003,https://boxd.it/20mE,3.5
2025-01-29,The Lorax,2012,https://boxd.it/2w9M,3
2025-01-30,I Saw the TV Glow,2024,https://boxd.it/woVe,4
2025-02-03,American Psycho,2000,https://boxd.it/28Vs,3.5
2025-02-09,Moana 2,2024,https://boxd.it/LcjW,2.5
2025-02-09,Monsters University,2013,https://boxd.it/bQm,3.5
2025-02-15,Emilia Pérez,2024,https://boxd.it/AP3G,1
2025-02-17,Shutter Island,2010,https://boxd.it/1U82,4
2025-02-17,Anora,2024,https://boxd.it/Egcw,4.5
2025-02-20,"Monsters, Inc.",2001,https://boxd.it/2a46,4
2025-02-21,The Gorge,2025,https://boxd.it/zRqK,3.5
2025-02-21,Black Mirror: Black Museum,2017,https://boxd.it/hRqu,4
2025-02-23,Madagascar,2005,https://boxd.it/29dc,3.5
2025-02-23,Enchanted,2007,https://boxd.it/24co,4
2025-02-23,Coraline,2009,https://boxd.it/1NhQ,4.5
2025-02-23,Sahara,2005,https://boxd.it/20XK,2.5
2025-03-19,Cloverfield,2008,https://boxd.it/2192,3.5
2025-04-01,Zombieland,2009,https://boxd.it/1En6,3
2025-04-01,The Princess Diaries 2: Royal Engagement,2004,https://boxd.it/1UyY,5
2025-04-01,Easy A,2010,https://boxd.it/17DK,4
2025-04-04,The House Bunny,2008,https://boxd.it/1RyG,3
2025-04-06,Enemy,2013,https://boxd.it/5xtO,2.5
2025-04-14,Black Mirror: Bête Noire,2025,https://boxd.it/U1VI,3.5
2025-04-14,Black Mirror: Plaything,2025,https://boxd.it/U1VS,3.5
2025-05-06,Sinners,2025,https://boxd.it/KQMM,5
2025-05-08,Babygirl,2024,https://boxd.it/Fvai,3
2025-05-12,Warfare,2025,https://boxd.it/LbRo,4
2025-05-13,Flow,2024,https://boxd.it/v1Ei,3.5
2025-05-14,The Thing,1982,https://boxd.it/294O,4
2025-05-15,Black Mirror: Common People,2025,https://boxd.it/U1Vy,3.5
2025-05-16,Alien: Romulus,2024,https://boxd.it/zGqO,3.5
2025-05-16,"Love, Death & Robots: The Screaming of the Tyrannosaur",2025,https://boxd.it/UZOW,2
2025-05-16,"Love, Death & Robots: Can't Stop",2025,https://boxd.it/UZQe,3
2025-05-16,"Love, Death & Robots: Close Encounters of the Mini Kind",2025,https://boxd.it/UZOC,3.5
2025-05-17,"Love, Death & Robots: Spider Rose",2025,https://boxd.it/UZQo,4
2025-05-17,"Love, Death & Robots: Bad Travelling",2022,https://boxd.it/BykM,4.5
2025-05-17,"Love, Death & Robots: The Very Pulse of the Machine",2022,https://boxd.it/AW5O,3.5
2025-05-17,"Love, Death & Robots: Night of the Mini Dead",2022,https://boxd.it/AW6s,2.5
2025-05-17,"Love, Death & Robots: The Drowned Giant",2021,https://boxd.it/vdRo,4
2025-05-17,The Duchess,2008,https://boxd.it/1ReQ,3.5
2025-05-17,Schindler's List,1993,https://boxd.it/2aq2,5
2025-05-17,"Love, Death & Robots: 400 Boys",2025,https://boxd.it/UZQ4,3.5
2025-05-17,"Love, Death & Robots: The Other Large Thing",2025,https://boxd.it/UZPK,3
2025-05-17,"Love, Death & Robots: Golgotha",2025,https://boxd.it/UZQy,2.5
2025-05-18,"Love, Death & Robots: In Vaulted Halls Entombed",2022,https://boxd.it/AW7A,2.5
2025-05-18,"Love, Death & Robots: How Zeke Got Religion",2025,https://boxd.it/UZPq,4
2025-05-18,"Love, Death & Robots: Smart Appliances, Stupid Owners",2025,https://boxd.it/UZPU,2
2025-05-18,"Love, Death & Robots: For He Can Creep",2025,https://boxd.it/UZP6,4
2025-05-19,Final Destination,2000,https://boxd.it/1YrC,3
2025-05-20,Cadet Kelly,2002,https://boxd.it/1OVW,2.5
2025-05-20,Black Mirror: San Junipero,2016,https://boxd.it/k4aS,3.5
2025-05-20,Black Mirror: Striking Vipers,2019,https://boxd.it/mlse,3
2025-05-22,Final Destination 2,2003,https://boxd.it/1YSS,3
2025-05-24,Daddy's Head,2024,https://boxd.it/Fclc,3.5
2025-05-28,Final Destination 3,2006,https://boxd.it/1Z40,3
2025-05-31,Bring Her Back,2025,https://boxd.it/Hxlc,4
2025-06-03,Tokyo Magnitude 8.0,2009,https://boxd.it/qdwA,3.5
2025-06-11,I Am Legend,2007,https://boxd.it/21DG,3
2025-06-16,The Wall,2017,https://boxd.it/eh1s,3
2025-06-21,KPop Demon Hunters,2025,https://boxd.it/ufwK,4.5
2025-06-27,It Ends with Us,2024,https://boxd.it/ENjg,2.5
2025-06-27,Dunkirk,2017,https://boxd.it/d0Y6,4
2025-07-05,Incendies,2010,https://boxd.it/Msm,5
2025-07-13,How to Train Your Dragon,2025,https://boxd.it/F7Je,4
2025-07-22,World War Z,2013,https://boxd.it/2p2E,2
2025-08-16,"Secret Level - Warhammer 40,000: And They Shall Know No Fear",2024,https://boxd.it/RSuO,3.5
2025-08-19,Interstellar,2014,https://boxd.it/4VZ8,4.5
2025-08-20,The Empty Man,2020,https://boxd.it/iIWS,2.5
2025-08-28,Before Sunrise,1995,https://boxd.it/2bcU,4
2025-08-29,No Hard Feelings,2023,https://boxd.it/xouu,3.5
2025-08-29,Past Lives,2023,https://boxd.it/oNB8,4
2025-09-01,The Circle,2017,https://boxd.it/bj1I,1
2025-09-01,Materialists,2025,https://boxd.it/GZlW,4
2025-09-05,F1,2025,https://boxd.it/yjVM,3.5
2025-09-07,Vivo,2021,https://boxd.it/g13w,2.5
2025-09-08,Z-O-M-B-I-E-S 4: Dawn of the Vampires,2025,https://boxd.it/LfSq,2
2025-09-08,The Other Boleyn Girl,2008,https://boxd.it/1Sl4,3
2025-09-14,The Wild Robot,2024,https://boxd.it/IWFy,4
2025-09-15,Mission: Impossible – The Final Reckoning,2025,https://boxd.it/l7A2,2.5
2025-09-21,Freakier Friday,2025,https://boxd.it/GxwW,3.5
2025-09-25,Weapons,2025,https://boxd.it/EMTM,4
2025-09-25,Demon Slayer: Kimetsu no Yaiba Infinity Castle,2025,https://boxd.it/O1GQ,3
2025-09-27,The Age of Innocence,1993,https://boxd.it/1WgM,3
2025-09-27,Much Ado About Nothing,1993,https://boxd.it/1SDM,4
2025-09-30,Treasure Planet,2002,https://boxd.it/1Znm,4
2025-10-01,Atlantis: The Lost Empire,2001,https://boxd.it/1Vck,3.5
2025-10-06,Pirates of the Caribbean: The Curse of the Black Pearl,2003,https://boxd.it/70G,4
2025-10-08,Pirates of the Caribbean: Dead Man's Chest,2006,https://boxd.it/2bfk,3
2025-10-11,My Best Friend's Wedding,1997,https://boxd.it/1ZHm,3
2025-10-11,Confessions of a Shopaholic,2009,https://boxd.it/1E9e,3
2025-10-11,Crash,1996,https://boxd.it/29n2,4
2025-10-15,Bride Wars,2009,https://boxd.it/1W3I,3.5
2025-10-16,27 Dresses,2008,https://boxd.it/21x4,3.5
2025-10-16,How to Train Your Dragon: The Hidden World,2019,https://boxd.it/5a9w,4
2025-10-17,Mansfield Park,1999,https://boxd.it/1Wmq,2.5
2025-10-18,Pirates of the Caribbean: At World's End,2007,https://boxd.it/2aGu,3.5
2025-10-19,CODA,2021,https://boxd.it/tbf4,4
2025-10-19,Buffy the Vampire Slayer,1992,https://boxd.it/1WP8,3
2025-10-19,Scoob!,2020,https://boxd.it/dqh8,2.5
2025-10-20,Kingsman: The Secret Service,2014,https://boxd.it/6dxe,4
2025-10-20,Kingsman: The Golden Circle,2017,https://boxd.it/buJm,4
2025-10-29,Miss Peregrine's Home for Peculiar Children,2016,https://boxd.it/8KPu,3
2025-10-30,The Nightmare Before Christmas,1993,https://boxd.it/1YzQ,4
2025-11-06,Casanova,2005,https://boxd.it/1Y4e,3.5
2025-11-11,A Knight's Tale,2001,https://boxd.it/1YAk,4
2025-11-11,10 Things I Hate About You,1999,https://boxd.it/23AO,4
2025-11-13,Turbo,2013,https://boxd.it/2Hzw,3
2025-11-17,Frankenstein,2025,https://boxd.it/Ecsg,4
2025-11-18,WALL·E,2008,https://boxd.it/1VEo,4.5
2025-11-18,Elio,2025,https://boxd.it/CFr8,4
2025-11-18,Showgirls,1995,https://boxd.it/1Vmk,4
2025-11-19,A Sprinkle of Christmas,2024,https://boxd.it/QojO,2
2025-11-19,In Your Dreams,2025,https://boxd.it/Ghcw,3
2025-11-21,Cruel Intentions,1999,https://boxd.it/29Be,3
2025-11-21,Roofman,2025,https://boxd.it/LcIW,3.5
2025-11-25,Champagne Problems,2025,https://boxd.it/OwgO,2.5
2025-11-27,One Day,2011,https://boxd.it/Asu,3.5
2025-12-03,Together,2025,https://boxd.it/LdFE,3.5
2025-12-04,Kill Bill: Vol. 1,2003,https://boxd.it/70w,4.5
2025-12-04,Kill Bill: Vol. 2,2004,https://boxd.it/2au4,4
2025-12-06,One Day,2024,https://boxd.it/L1ZM,4
2025-12-06,Django Unchained,2012,https://boxd.it/2cCk,4.5
2025-12-06,Pulp Fiction,1994,https://boxd.it/29Pq,4.5
2025-12-08,Klaus,2019,https://boxd.it/ipoi,4.5
2025-12-08,Maid in Manhattan,2002,https://boxd.it/210O,3
2025-12-09,Sweet Home Alabama,2002,https://boxd.it/1TDo,2
2025-12-10,Diary of a Wimpy Kid: The Last Straw,2025,https://boxd.it/RAxU,2
2025-12-14,Prep & Landing: The Snowball Protocol,2025,https://boxd.it/XNRg,1.5
2025-12-14,Diary of a Wimpy Kid Christmas: Cabin Fever,2023,https://boxd.it/GtqA,2
2025-12-15,Ice Age: A Mammoth Christmas,2011,https://boxd.it/2KMS,1.5
2025-12-17,The Happy Elf,2005,https://boxd.it/1PBe,2
2025-12-17,Holidate,2020,https://boxd.it/mLcc,2.5
2025-12-18,The Other Woman,2014,https://boxd.it/5Q3U,3
2025-12-19,My Secret Santa,2025,https://boxd.it/Tlnu,3
2025-12-20,In Her Shoes,2005,https://boxd.it/1SK4,1
2025-12-21,Runaway Bride,1999,https://boxd.it/23Om,3
2025-12-21,The Proposal,2009,https://boxd.it/1HiS,3
2025-12-22,Wake Up Dead Man,2025,https://boxd.it/uAKS,4
2025-12-22,Never Been Kissed,1999,https://boxd.it/1U3c,2
2025-12-24,Noelle,2019,https://boxd.it/gdzE,3
2025-12-24,The Wedding Planner,2001,https://boxd.it/27Cu,2.5
2025-12-24,Home Alone,1990,https://boxd.it/29Fg,3.5
2026-01-09,Bridget Jones: The Edge of Reason,2004,https://boxd.it/1XMa,2
2026-01-09,Two Weeks Notice,2002,https://boxd.it/26wK,3
2026-01-09,Because I Said So,2007,https://boxd.it/28ZE,2.5
2026-01-10,Friends with Benefits,2011,https://boxd.it/DoK,3.5
2026-01-12,Wayne's World,1992,https://boxd.it/1ZHG,3
2026-01-12,Imagine Me & You,2005,https://boxd.it/28E2,3.5
2026-01-12,Coyote Ugly,2000,https://boxd.it/21PW,3.5
2026-01-13,Knocked Up,2007,https://boxd.it/23yS,3.5
2026-01-13,Hitch,2005,https://boxd.it/205o,3
2026-01-14,Trolls Band Together,2023,https://boxd.it/y3RO,3.5
2026-01-14,Music and Lyrics,2007,https://boxd.it/1Usw,4
2026-01-16,Taxi Driver,1976,https://boxd.it/2b8y,3
2026-01-17,Marrowbone,2017,https://boxd.it/dZVC,4
2026-01-18,Avatar: Fire and Ash,2025,https://boxd.it/2W7s,4
2026-01-18,The Bodyguard,1992,https://boxd.it/29Z6,3.5
2026-01-19,People We Meet on Vacation,2026,https://boxd.it/D8ME,3.5
2026-01-22,The Creator,2023,https://boxd.it/oXWq,4.5
2026-01-23,Letters to Juliet,2010,https://boxd.it/19aK,3
2026-01-24,Step Up,2006,https://boxd.it/1XS8,3
2026-01-28,Springsteen: Deliver Me from Nowhere,2025,https://boxd.it/KJG8,3.5
2026-02-02,The Call,2020,https://boxd.it/l94W,4
2026-02-12,Zootopia 2,2025,https://boxd.it/F0vO,4
2026-02-15,28 Years Later,2025,https://boxd.it/FEGM,3.5
2026-02-15,Pride and Prejudice and Zombies,2016,https://boxd.it/kp0,4
2026-02-18,GOAT,2026,https://boxd.it/NvB0,2.5
2026-03-12,Harry Potter and the Chamber of Secrets,2002,https://boxd.it/29QI,3.5
2026-03-22,undertone,2025,https://boxd.it/UXeM,4
2026-03-27,Pride & Prejudice,2005,https://boxd.it/24u8,4.5
2026-03-28,Before Midnight,2013,https://boxd.it/4ive,4
2026-04-03,Hoppers,2026,https://boxd.it/OFpg,3.5
2026-04-08,Shakespeare in Love,1998,https://boxd.it/27Pe,3.5
